{"cameraMode":{"drawMode":0,"name":"Shaded","section":"Shading Mode"},"sceneLighting":true,"audioPlay":false,"sceneViewState":{"showFog":true,"showMaterialUpdate":false,"showSkybox":true,"showFlares":true,"showImageEffects":true,"showParticleSystems":true},"in2DMode":false,"pivot":{"x":-27.486543655395509,"y":-12.80739974975586,"z":7.486098766326904},"rotation":{"x":0.2403879016637802,"y":-0.6898981928825378,"z":0.2632374167442322,"w":0.6300477981567383},"size":73.65428161621094,"orthographic":false}